frame,area,mode,slot0_offset,slot0_status,slot0_type,slot0_special,slot0_hp,slot0_saved_status
75811,20,3,0,1,9,64,140,130
75812,20,3,0,1,9,64,140,130
75813,20,3,0,1,9,64,140,130
75814,20,3,0,1,9,64,140,130
75815,20,3,0,1,9,64,140,130
75816,20,3,0,1,9,64,140,130
75817,20,3,0,1,9,64,140,130
75818,20,3,0,1,9,64,140,130
75819,20,3,0,1,9,64,140,130
75820,20,3,0,1,9,64,140,130
75821,20,3,0,1,9,64,140,130
75822,20,3,0,1,9,64,140,130
75823,20,3,0,1,9,64,140,130
75824,20,3,0,1,9,64,140,130
75825,20,3,0,1,9,64,140,130
75826,20,3,0,1,9,64,140,130
75827,20,3,0,1,9,64,140,130
75828,20,3,0,1,9,64,140,130
75829,20,3,0,1,9,64,140,130
75830,20,3,0,1,9,64,140,130
75831,20,3,0,1,9,64,140,130
75832,20,3,0,1,9,64,140,130
75833,20,3,0,1,9,64,140,130
75834,20,3,0,1,9,64,140,130
75835,20,3,0,1,9,64,140,130
75836,20,3,0,1,9,64,140,130
75837,20,3,0,1,9,64,140,130
75838,20,3,0,1,9,64,140,130
75839,20,3,0,1,9,64,140,130
75840,20,3,0,1,9,64,140,130
75841,20,3,0,1,9,64,140,130
75842,20,3,0,1,9,64,140,130
75843,20,3,0,1,9,64,140,130
75844,20,3,0,1,9,64,140,130
75845,20,3,0,1,9,64,140,130
75846,20,3,0,1,9,64,140,130
75847,20,3,0,1,9,64,140,130
75848,20,3,0,1,9,64,140,130
75849,20,3,0,1,9,64,140,130
75850,20,3,0,1,9,64,140,130
75851,20,3,0,1,9,64,140,130
75852,20,3,0,1,9,64,140,130
75853,20,3,0,1,9,64,140,130
75854,20,3,0,1,9,64,140,130
75855,20,3,0,1,9,64,140,130
75856,20,3,0,1,9,64,140,130
75857,20,3,0,1,9,64,140,130
75858,20,3,0,1,9,64,140,130
75859,20,3,0,1,9,64,140,130
75860,20,3,0,1,9,64,140,130
75861,20,3,0,1,9,64,140,130
75862,20,3,0,1,9,64,140,130
75863,20,3,0,1,9,64,140,130
75864,20,3,0,1,9,64,140,130
75865,20,3,0,1,9,64,140,130
75866,20,3,0,1,9,64,140,130
75867,20,3,0,1,9,64,140,130
75868,20,3,0,1,9,64,140,130
75869,20,3,0,1,9,64,140,130
75870,20,3,0,1,9,64,140,130
75871,20,3,0,1,9,64,140,130
75872,20,3,0,1,9,64,140,130
75873,20,3,0,1,9,64,140,130
75874,20,3,0,1,9,64,140,130
75875,20,3,0,1,9,64,140,130
75876,20,3,0,1,9,64,140,130
75877,20,3,0,1,9,64,140,130
75878,20,3,0,1,9,64,140,130
75879,20,3,0,1,9,64,140,130
75880,20,3,0,1,9,64,140,130
75881,20,3,0,1,9,64,140,130
75882,20,3,0,1,9,64,140,130
75883,20,3,0,1,9,64,140,130
75884,20,3,0,1,9,64,140,130
75885,20,3,0,1,9,64,140,130
75886,20,3,0,1,9,64,140,130
75887,20,3,0,1,9,64,140,130
75888,20,3,0,1,9,64,140,130
75889,20,3,0,1,9,64,140,130
75890,20,3,0,1,9,64,140,130
75891,20,3,0,1,9,64,140,130
75892,20,3,0,1,9,64,140,130
75893,20,3,0,1,9,64,140,130
75894,20,3,0,1,9,64,140,130
75895,20,3,0,1,9,64,140,130
75896,20,3,0,1,9,64,140,130
75897,20,3,0,1,9,64,140,130
75898,20,3,0,1,9,64,140,130
75899,20,3,0,1,9,64,140,130
75900,20,3,0,1,9,64,140,130
75901,20,3,0,1,9,64,140,130
75902,20,3,0,1,9,64,140,130
75903,20,3,0,1,9,64,140,130
75904,20,3,0,1,9,64,140,130
75905,20,3,0,1,9,64,140,130
75906,20,3,0,1,9,64,140,130
75907,20,3,0,1,9,64,140,130
75908,20,3,0,1,9,64,140,130
75909,20,3,0,1,9,64,140,130
75910,20,3,0,1,9,64,140,130
75911,20,3,0,1,9,64,140,130
75912,20,3,0,1,9,64,140,130
75913,20,3,0,1,9,64,140,130
75914,20,3,0,1,9,64,140,130
75915,20,3,0,1,9,64,140,130
75916,20,3,0,1,9,64,140,130
75917,20,3,0,1,9,64,140,130
75918,20,3,0,1,9,64,140,130
75919,20,3,0,1,9,64,140,130
75920,20,3,0,1,9,64,140,130
75921,20,3,0,1,9,64,140,130
75922,20,3,0,1,9,64,140,130
75923,20,3,0,1,9,64,140,130
75924,20,3,0,1,9,64,140,130
75925,20,3,0,2,9,64,140,130
75926,20,3,0,2,9,64,140,130
75927,20,3,0,2,9,64,140,130
75928,20,3,0,2,9,64,140,130
75929,20,3,0,2,9,64,140,130
75930,20,3,0,2,9,64,140,130
75931,20,3,0,2,9,64,140,130
75932,20,3,0,2,9,64,140,130
75933,20,3,0,2,9,64,140,130
75934,20,3,0,2,9,64,140,130
75935,20,3,0,2,9,64,140,130
75936,20,3,0,2,9,64,140,130
75937,20,3,0,2,9,64,140,130
75938,20,3,0,2,9,64,140,130
75939,20,3,0,2,9,64,140,130
75940,20,3,0,2,9,64,140,130
75941,20,3,0,2,9,64,140,130
75942,20,3,0,2,9,64,140,130
75943,20,3,0,2,9,64,140,130
75944,20,3,0,2,9,64,140,130
75945,20,3,0,2,9,64,140,130
75946,20,3,0,2,9,64,140,130
75947,20,3,0,2,9,64,140,130
75948,20,3,0,2,9,64,140,130
75949,20,3,0,2,9,64,140,130
75950,20,3,0,2,9,64,140,130
75951,20,3,0,2,9,64,140,130
75952,20,3,0,2,9,64,140,130
75953,20,3,0,2,9,64,140,130
75954,20,3,0,2,9,64,140,130
75955,20,3,0,2,9,64,140,130
75956,20,3,0,2,9,64,140,130
75957,20,3,0,2,9,64,140,130
75958,20,3,0,2,9,64,140,130
75959,20,3,0,2,9,64,140,130
75960,20,3,0,2,9,64,140,130
75961,20,3,0,2,9,64,140,130
75962,20,3,0,2,9,64,140,130
75963,20,3,0,2,9,64,140,130
75964,20,3,0,2,9,64,140,130
75965,20,3,0,2,9,64,140,130
75966,20,3,0,2,9,64,140,130
75967,20,3,0,2,9,64,140,130
75968,20,3,0,2,9,64,140,130
75969,20,3,0,2,9,64,140,130
75970,20,3,0,2,9,64,140,130
75971,20,3,0,2,9,64,140,130
75972,20,3,0,2,9,64,140,130
75973,20,3,0,2,9,64,140,130
75974,20,3,0,2,9,64,140,130
75975,20,3,0,2,9,64,140,130
75976,20,3,0,2,9,64,140,130
75977,20,3,0,1,9,64,140,130
75978,20,3,0,1,9,64,140,130
75979,20,3,0,1,9,64,140,130
75980,20,3,0,1,9,64,140,130
75981,20,3,0,1,9,64,140,130
75982,20,3,0,1,9,64,140,130
75983,20,3,0,1,9,64,140,130
75984,20,3,0,1,9,64,140,130
75985,20,3,0,1,9,64,140,130
75986,20,3,0,1,9,64,140,130
75987,20,3,0,1,9,64,140,130
75988,20,3,0,1,9,64,140,130
75989,20,3,0,1,9,64,140,130
75990,20,3,0,1,9,64,140,130
75991,20,3,0,1,9,64,140,130
75992,20,3,0,1,9,64,140,130
75993,20,3,0,1,9,64,140,130
75994,20,3,0,1,9,64,140,130
75995,20,3,0,1,9,64,140,130
75996,20,3,0,1,9,64,140,130
75997,20,3,0,1,9,64,140,130
75998,20,3,0,1,9,64,140,130
75999,20,3,0,1,9,64,140,130
76000,20,3,0,1,9,64,140,130
76001,20,3,0,1,9,64,140,130
76002,20,3,0,6,9,3,136,65
76003,20,3,0,6,9,3,136,65
76004,20,3,0,6,9,2,136,65
76005,20,3,0,6,9,1,136,65
76006,20,3,0,1,9,64,136,65
76007,20,3,0,1,9,64,136,65
76008,20,3,0,1,9,64,136,65
76009,20,3,0,1,9,64,136,65
76010,20,3,0,1,9,64,136,65
76011,20,3,0,1,9,64,136,65
76012,20,3,0,1,9,64,136,65
76013,20,3,0,1,9,64,136,65
76014,20,3,0,1,9,64,136,65
76015,20,3,0,1,9,64,136,65
76016,20,3,0,1,9,64,136,65
76017,20,3,0,1,9,64,136,65
76018,20,3,0,1,9,64,136,65
76019,20,3,0,1,9,64,136,65
76020,20,3,0,1,9,64,136,65
76021,20,3,0,1,9,64,136,65
76022,20,3,0,1,9,64,136,65
76023,20,3,0,2,9,64,136,65
76024,20,3,0,6,9,3,132,66
76025,20,3,0,6,9,3,132,66
76026,20,3,0,6,9,2,132,66
76027,20,3,0,6,9,1,132,66
76028,20,3,0,6,9,1,132,66
76029,20,3,0,2,9,64,132,66
76030,20,3,0,2,9,64,132,66
76031,20,3,0,2,9,64,132,66
76032,20,3,0,2,9,64,132,66
76033,20,3,0,2,9,64,132,66
76034,20,3,0,2,9,64,132,66
76035,20,3,0,2,9,64,132,66
76036,20,3,0,2,9,64,132,66
76037,20,3,0,2,9,64,132,66
76038,20,3,0,2,9,64,132,66
76039,20,3,0,2,9,64,132,66
76040,20,3,0,6,9,3,128,66
76041,20,3,0,6,9,2,128,66
76042,20,3,0,6,9,1,128,66
76043,20,3,0,2,9,64,128,66
76044,20,3,0,2,9,64,128,66
76045,20,3,0,2,9,64,128,66
76046,20,3,0,2,9,64,128,66
76047,20,3,0,2,9,64,128,66
76048,20,3,0,2,9,64,128,66
76049,20,3,0,2,9,64,128,66
76050,20,3,0,6,9,3,124,66
76051,20,3,0,6,9,2,124,66
76052,20,3,0,6,9,1,124,66
76053,20,3,0,2,9,64,124,66
76054,20,3,0,6,9,3,123,66
76055,20,3,0,6,9,2,123,66
76056,20,3,0,6,9,1,123,66
76057,20,3,0,2,9,64,123,66
76058,20,3,0,6,9,3,119,66
76059,20,3,0,6,9,2,119,66
76060,20,3,0,6,9,1,119,66
76061,20,3,0,2,9,64,119,66
76062,20,3,0,6,9,3,118,66
76063,20,3,0,6,9,2,118,66
76064,20,3,0,6,9,1,118,66
76065,20,3,0,2,9,64,118,66
76066,20,3,0,6,9,3,114,66
76067,20,3,0,6,9,2,114,66
76068,20,3,0,6,9,1,114,66
76069,20,3,0,2,9,64,114,66
76070,20,3,0,6,9,3,113,66
76071,20,3,0,6,9,2,113,66
76072,20,3,0,6,9,1,113,66
76073,20,3,0,2,9,64,113,66
76074,20,3,0,6,9,3,109,66
76075,20,3,0,6,9,2,109,66
76076,20,3,0,6,9,1,109,66
76077,20,3,0,2,9,64,109,66
76078,20,3,0,6,9,3,108,66
76079,20,3,0,6,9,2,108,66
76080,20,3,0,6,9,1,108,66
76081,20,3,0,2,9,64,108,66
76082,20,3,0,6,9,3,104,66
76083,20,3,0,6,9,2,104,66
76084,20,3,0,6,9,1,104,66
76085,20,3,0,2,9,64,104,66
76086,20,3,0,6,9,3,103,66
76087,20,3,0,6,9,2,103,66
76088,20,3,0,6,9,1,103,66
76089,20,3,0,2,9,64,103,66
76090,20,3,0,6,9,3,99,66
76091,20,3,0,6,9,2,99,66
76092,20,3,0,6,9,1,99,66
76093,20,3,0,2,9,64,99,66
76094,20,3,0,6,9,3,98,66
76095,20,3,0,6,9,2,98,66
76096,20,3,0,6,9,1,98,66
76097,20,3,0,2,9,64,98,66
76098,20,3,0,6,9,3,94,66
76099,20,3,0,6,9,2,94,66
76100,20,3,0,6,9,1,94,66
76101,20,3,0,2,9,64,94,66
76102,20,3,0,6,9,3,93,66
76103,20,3,0,6,9,2,93,66
76104,20,3,0,6,9,1,93,66
76105,20,3,0,2,9,64,93,66
76106,20,3,0,6,9,3,89,66
76107,20,3,0,6,9,2,89,66
76108,20,3,0,6,9,1,89,66
76109,20,3,0,2,9,64,89,66
76110,20,3,0,6,9,3,88,66
76111,20,3,0,6,9,2,88,66
76112,20,3,0,6,9,1,88,66
76113,20,3,0,2,9,64,88,66
76114,20,3,0,6,9,3,84,66
76115,20,3,0,6,9,2,84,66
76116,20,3,0,6,9,1,84,66
76117,20,3,0,2,9,64,84,66
76118,20,3,0,6,9,3,83,66
76119,20,3,0,6,9,2,83,66
76120,20,3,0,6,9,1,83,66
76121,20,3,0,2,9,64,83,66
76122,20,3,0,6,9,3,79,66
76123,20,3,0,6,9,2,79,66
76124,20,3,0,6,9,1,79,66
76125,20,3,0,2,9,64,79,66
76126,20,3,0,6,9,3,78,66
76127,20,3,0,6,9,2,78,66
76128,20,3,0,6,9,1,78,66
76129,20,3,0,2,9,64,78,66
76130,20,3,0,6,9,3,74,66
76131,20,3,0,6,9,2,74,66
76132,20,3,0,6,9,1,74,66
76133,20,3,0,2,9,64,74,66
76134,20,3,0,6,9,3,73,66
76135,20,3,0,6,9,2,73,66
76136,20,3,0,6,9,1,73,66
76137,20,3,0,2,9,64,73,66
76138,20,3,0,6,9,3,69,66
76139,20,3,0,6,9,2,69,66
76140,20,3,0,6,9,1,69,66
76141,20,3,0,2,9,64,69,66
76142,20,3,0,6,9,3,68,66
76143,20,3,0,6,9,2,68,66
76144,20,3,0,6,9,1,68,66
76145,20,3,0,2,9,64,68,66
76146,20,3,0,6,9,3,64,66
76147,20,3,0,6,9,2,64,66
76148,20,3,0,6,9,1,64,66
76149,20,3,0,2,9,64,64,66
76150,20,3,0,6,9,3,63,66
76151,20,3,0,6,9,2,63,66
76152,20,3,0,6,9,1,63,66
76153,20,3,0,2,9,64,63,66
76154,20,3,0,6,9,3,59,66
76155,20,3,0,6,9,2,59,66
76156,20,3,0,6,9,1,59,66
76157,20,3,0,2,9,64,59,66
76158,20,3,0,6,9,3,58,66
76159,20,3,0,6,9,2,58,66
76160,20,3,0,6,9,1,58,66
76161,20,3,0,2,9,64,58,66
76162,20,3,0,6,9,3,54,66
76163,20,3,0,6,9,2,54,66
76164,20,3,0,6,9,1,54,66
76165,20,3,0,2,9,64,54,66
76166,20,3,0,6,9,3,53,66
76167,20,3,0,6,9,2,53,66
76168,20,3,0,6,9,1,53,66
76169,20,3,0,2,9,64,53,66
76170,20,3,0,6,9,3,49,66
76171,20,3,0,6,9,2,49,66
76172,20,3,0,6,9,1,49,66
76173,20,3,0,2,9,64,49,66
76174,20,3,0,6,9,3,48,66
76175,20,3,0,6,9,2,48,66
76176,20,3,0,6,9,1,48,66
76177,20,3,0,2,9,64,48,66
76178,20,3,0,6,9,3,44,66
76179,20,3,0,6,9,2,44,66
76180,20,3,0,6,9,1,44,66
76181,20,3,0,2,9,64,44,66
76182,20,3,0,6,9,3,43,66
76183,20,3,0,6,9,2,43,66
76184,20,3,0,6,9,1,43,66
76185,20,3,0,2,9,64,43,66
76186,20,3,0,6,9,3,39,66
76187,20,3,0,6,9,2,39,66
76188,20,3,0,6,9,1,39,66
76189,20,3,0,2,9,64,39,66
76190,20,3,0,6,9,3,38,66
76191,20,3,0,6,9,2,38,66
76192,20,3,0,6,9,1,38,66
76193,20,3,0,2,9,64,38,66
76194,20,3,0,6,9,3,34,66
76195,20,3,0,6,9,2,34,66
76196,20,3,0,6,9,1,34,66
76197,20,3,0,2,9,64,34,66
76198,20,3,0,6,9,3,33,66
76199,20,3,0,6,9,2,33,66
76200,20,3,0,6,9,1,33,66
76201,20,3,0,2,9,64,33,66
76202,20,3,0,6,9,3,29,66
76203,20,3,0,6,9,2,29,66
76204,20,3,0,6,9,1,29,66
76205,20,3,0,2,9,64,29,66
76206,20,3,0,6,9,3,28,66
76207,20,3,0,6,9,2,28,66
76208,20,3,0,6,9,1,28,66
76209,20,3,0,2,9,64,28,66
76210,20,3,0,6,9,3,24,66
76211,20,3,0,6,9,2,24,66
76212,20,3,0,6,9,1,24,66
76213,20,3,0,2,9,64,24,66
76214,20,3,0,6,9,3,23,66
76215,20,3,0,6,9,2,23,66
76216,20,3,0,6,9,1,23,66
76217,20,3,0,2,9,64,23,66
76218,20,3,0,2,9,64,23,66
76219,20,3,0,6,9,3,19,66
76220,20,3,0,6,9,2,19,66
76221,20,3,0,6,9,1,19,66
76222,20,3,0,2,9,64,19,66
76223,20,3,0,2,9,64,19,66
76224,20,3,0,2,9,64,19,66
76225,20,3,0,2,9,64,19,66
76226,20,3,0,6,9,3,18,66
76227,20,3,0,6,9,2,18,66
76228,20,3,0,6,9,1,18,66
76229,20,3,0,2,9,64,18,66
76230,20,3,0,2,9,64,18,66
76231,20,3,0,2,9,64,18,66
76232,20,3,0,6,9,3,14,66
76233,20,3,0,6,9,2,14,66
76234,20,3,0,6,9,1,14,66
76235,20,3,0,2,9,64,14,66
76236,20,3,0,2,9,64,14,66
76237,20,3,0,6,9,3,13,66
76238,20,3,0,6,9,2,13,66
76239,20,3,0,6,9,1,13,66
76240,20,3,0,2,9,64,13,66
76241,20,3,0,2,9,64,13,66
76242,20,3,0,2,9,64,13,66
76243,20,3,0,2,9,64,13,66
76244,20,3,0,2,9,64,13,66
76245,20,3,0,2,9,64,13,66
76246,20,3,0,2,9,64,13,66
76247,20,3,0,2,9,64,13,66
76248,20,3,0,6,9,3,12,66
76249,20,3,0,6,9,2,12,66
76250,20,3,0,6,9,1,12,66
76251,20,3,0,2,9,64,12,66
76252,20,3,0,2,9,64,12,66
76253,20,3,0,2,9,64,12,66
76254,20,3,0,2,9,64,12,66
76255,20,3,0,2,9,64,12,66
76256,20,3,0,2,9,64,12,66
76257,20,3,0,2,9,64,12,66
76258,20,3,0,2,9,64,12,66
76259,20,3,0,2,9,64,12,66
76260,20,3,0,2,9,64,12,66
76261,20,3,0,2,9,64,12,66
76262,20,3,0,2,9,64,12,66
76263,20,3,0,2,9,64,12,66
76264,20,3,0,2,9,64,12,66
76265,20,3,0,2,9,64,12,66
76266,20,3,0,2,9,64,12,66
76267,20,3,0,2,9,64,12,66
76268,20,3,0,6,9,3,11,66
76269,20,3,0,6,9,2,11,66
76270,20,3,0,6,9,1,11,66
76271,20,3,0,2,9,64,11,66
76272,20,3,0,2,9,64,11,66
76273,20,3,0,6,9,3,10,66
76274,20,3,0,6,9,2,10,66
76275,20,3,0,6,9,1,10,66
76276,20,3,0,2,9,64,10,66
76277,20,3,0,2,9,64,10,66
76278,20,3,0,2,9,64,10,66
76279,20,3,0,2,9,64,10,66
76280,20,3,0,2,9,64,10,66
76281,20,3,0,2,9,64,10,66
76282,20,3,0,2,9,64,10,66
76283,20,3,0,2,9,64,10,66
76284,20,3,0,2,9,64,10,66
76285,20,3,0,2,9,64,10,66
76286,20,3,0,1,9,64,10,66
76287,20,3,0,1,9,64,10,66
76288,20,3,0,1,9,64,10,66
76289,20,3,0,6,9,3,9,65
76290,20,3,0,6,9,2,9,65
76291,20,3,0,6,9,1,9,65
76292,20,3,0,1,9,64,9,65
76293,20,3,0,1,9,64,9,65
76294,20,3,0,1,9,64,9,65
76295,20,3,0,1,9,64,9,65
76296,20,3,0,1,9,64,9,65
76297,20,3,0,1,9,64,9,65
76298,20,3,0,1,9,64,9,65
76299,20,3,0,6,9,3,8,65
76300,20,3,0,6,9,2,8,65
76301,20,3,0,6,9,1,8,65
76302,20,3,0,1,9,64,8,65
76303,20,3,0,1,9,64,8,65
76304,20,3,0,1,9,64,8,65
76305,20,3,0,1,9,64,8,65
76306,20,3,0,6,9,3,7,65
76307,20,3,0,6,9,2,7,65
76308,20,3,0,6,9,1,7,65
76309,20,3,0,1,9,64,7,65
76310,20,3,0,1,9,64,7,65
76311,20,3,0,1,9,64,7,65
76312,20,3,0,1,9,64,7,65
76313,20,3,0,1,9,64,7,65
76314,20,3,0,1,9,64,7,65
76315,20,3,0,1,9,64,7,65
76316,20,3,0,6,9,3,6,65
76317,20,3,0,6,9,2,6,65
76318,20,3,0,6,9,1,6,65
76319,20,3,0,1,9,64,6,65
76320,20,3,0,1,9,64,6,65
76321,20,3,0,1,9,64,6,65
76322,20,3,0,1,9,64,6,65
76323,20,3,0,6,9,3,5,65
76324,20,3,0,6,9,2,5,65
76325,20,3,0,6,9,1,5,65
76326,20,3,0,1,9,64,5,65
76327,20,3,0,1,9,64,5,65
76328,20,3,0,1,9,64,5,65
76329,20,3,0,1,9,64,5,65
76330,20,3,0,1,9,64,5,65
76331,20,3,0,1,9,64,5,65
76332,20,3,0,1,9,64,5,65
76333,20,3,0,6,9,3,4,65
76334,20,3,0,6,9,2,4,65
76335,20,3,0,6,9,1,4,65
76336,20,3,0,1,9,64,4,65
76337,20,3,0,1,9,64,4,65
76338,20,3,0,2,9,64,4,65
76339,20,3,0,2,9,64,4,65
76340,20,3,0,6,9,3,3,66
76341,20,3,0,6,9,2,3,66
76342,20,3,0,6,9,1,3,66
76343,20,3,0,2,9,64,3,66
76344,20,3,0,6,9,3,2,66
76345,20,3,0,6,9,2,2,66
76346,20,3,0,6,9,1,2,66
76347,20,3,0,2,9,64,2,66
76348,20,3,0,2,9,64,2,66
76349,20,3,0,2,9,64,2,66
76350,20,3,0,2,9,64,2,66
76351,20,3,0,6,9,3,1,66
76352,20,3,0,6,9,2,1,66
76353,20,3,0,6,9,1,1,66
76354,20,3,0,2,9,64,1,66
76355,20,3,0,2,9,64,1,66
76356,20,3,0,2,9,64,1,66
76357,20,3,0,2,9,64,1,66
76358,20,3,0,2,9,64,1,66
76359,20,3,0,2,9,64,1,66
76360,20,3,0,2,9,64,1,66
76361,20,3,0,2,9,64,1,66
76362,20,3,0,2,9,64,1,66
76363,20,3,0,2,9,64,1,66
76364,20,3,0,2,9,64,1,66
76365,20,3,0,2,9,64,1,66
76366,20,3,0,2,9,64,1,66
76367,20,3,0,3,9,3,0,66
76368,20,3,0,3,9,3,0,66
76369,20,3,0,3,9,3,0,66
76370,20,3,0,3,9,3,0,66
76371,20,3,0,3,9,3,0,66
76372,20,3,0,3,9,3,0,66
76373,20,3,0,3,9,3,0,66
76374,20,3,0,3,9,3,0,66
76375,20,3,0,3,9,3,0,66
76376,20,3,0,3,9,3,0,66
76377,20,3,0,3,9,3,0,66
76378,20,3,0,3,9,3,0,66
76379,20,3,0,3,9,3,0,66
76380,20,3,0,3,9,3,0,66
76381,20,3,0,3,9,3,0,66
76382,20,3,0,3,9,3,0,66
76383,20,3,0,3,9,3,0,66
76384,20,3,0,3,9,3,0,66
76385,20,3,0,3,9,3,0,66
76386,20,3,0,3,9,3,0,66
76387,20,3,0,3,9,3,0,66
76388,20,3,0,3,9,3,0,66
76389,20,3,0,3,9,3,0,66
76390,20,3,0,3,9,3,0,66
76391,20,9,0,0,9,3,0,66
104837,18,3,0,1,8,64,96,2
104838,18,3,0,1,8,64,96,2
104839,18,3,0,1,8,64,96,2
104840,18,3,0,1,8,64,96,2
104841,18,3,0,1,8,64,96,2
104842,18,3,0,1,8,64,96,2
104843,18,3,0,1,8,64,96,2
104844,18,3,0,1,8,64,96,2
104845,18,3,0,1,8,64,96,2
104846,18,3,0,1,8,64,96,2
104847,18,3,0,1,8,64,96,2
104848,18,3,0,1,8,64,96,2
104849,18,3,0,1,8,64,96,2
104850,18,3,0,1,8,64,96,2
104851,18,3,0,1,8,64,96,2
104852,18,3,0,1,8,64,96,2
104853,18,3,0,1,8,64,96,2
104854,18,3,0,1,8,64,96,2
104855,18,3,0,1,8,64,96,2
104856,18,3,0,1,8,64,96,2
104857,18,3,0,1,8,64,96,2
104858,18,3,0,1,8,64,96,2
104859,18,3,0,1,8,64,96,2
104860,18,3,0,1,8,64,96,2
104861,18,3,0,1,8,64,96,2
104862,18,3,0,1,8,64,96,2
104863,18,3,0,1,8,64,96,2
104864,18,3,0,1,8,64,96,2
104865,18,3,0,1,8,64,96,2
104866,18,3,0,1,8,64,96,2
104867,18,3,0,1,8,64,96,2
104868,18,3,0,1,8,64,96,2
104869,18,3,0,1,8,64,96,2
104870,18,3,0,1,8,64,96,2
104871,18,3,0,1,8,64,96,2
104872,18,3,0,1,8,64,96,2
104873,18,3,0,1,8,64,96,2
104874,18,3,0,1,8,64,96,2
104875,18,3,0,1,8,64,96,2
104876,18,3,0,1,8,64,96,2
104877,18,3,0,1,8,64,96,2
104878,18,3,0,1,8,64,96,2
104879,18,3,0,1,8,64,96,2
104880,18,3,0,1,8,64,96,2
104881,18,3,0,1,8,64,96,2
104882,18,3,0,1,8,64,96,2
104883,18,3,0,1,8,64,96,2
104884,18,3,0,1,8,64,96,2
104885,18,3,0,1,8,64,96,2
104886,18,3,0,1,8,64,96,2
104887,18,3,0,1,8,64,96,2
104888,18,3,0,1,8,64,96,2
104889,18,3,0,1,8,64,96,2
104890,18,3,0,1,8,64,96,2
104891,18,3,0,1,8,64,96,2
104892,18,3,0,1,8,64,96,2
104893,18,3,0,1,8,64,96,2
104894,18,3,0,1,8,64,96,2
104895,18,3,0,1,8,64,96,2
104896,18,3,0,1,8,64,96,2
104897,18,3,0,1,8,64,96,2
104898,18,3,0,1,8,64,96,2
104899,18,3,0,1,8,64,96,2
104900,18,3,0,1,8,64,96,2
104901,18,3,0,1,8,64,96,2
104902,18,3,0,1,8,64,96,2
104903,18,3,0,1,8,64,96,2
104904,18,3,0,1,8,64,96,2
104905,18,3,0,1,8,64,96,2
104906,18,3,0,1,8,64,96,2
104907,18,3,0,1,8,64,96,2
104908,18,3,0,1,8,64,96,2
104909,18,3,0,1,8,64,96,2
104910,18,3,0,1,8,64,96,2
104911,18,3,0,1,8,64,96,2
104912,18,3,0,1,8,64,96,2
104913,18,3,0,1,8,64,96,2
104914,18,3,0,1,8,64,96,2
104915,18,3,0,1,8,64,96,2
104916,18,3,0,1,8,64,96,2
104917,18,3,0,1,8,64,96,2
104918,18,3,0,1,8,64,96,2
104919,18,3,0,1,8,64,96,2
104920,18,3,0,1,8,64,96,2
104921,18,3,0,1,8,64,96,2
104922,18,3,0,1,8,64,96,2
104923,18,3,0,1,8,64,96,2
104924,18,3,0,1,8,64,96,2
104925,18,3,0,1,8,64,96,2
104926,18,3,0,1,8,64,96,2
104927,18,3,0,1,8,64,96,2
104928,18,3,0,1,8,64,96,2
104929,18,3,0,1,8,64,96,2
104930,18,3,0,1,8,64,96,2
104931,18,3,0,1,8,64,96,2
104932,18,3,0,1,8,64,96,2
104933,18,3,0,1,8,64,96,2
104934,18,3,0,1,8,64,96,2
104935,18,3,0,1,8,64,96,2
104936,18,3,0,1,8,64,96,2
104937,18,3,0,1,8,64,96,2
104938,18,3,0,1,8,64,96,2
104939,18,3,0,1,8,64,96,2
104940,18,3,0,1,8,64,96,2
104941,18,3,0,1,8,64,96,2
104942,18,3,0,1,8,64,96,2
104943,18,3,0,1,8,64,96,2
104944,18,3,0,1,8,64,96,2
104945,18,3,0,1,8,64,96,2
104946,18,3,0,1,8,64,96,2
104947,18,3,0,1,8,64,96,2
104948,18,3,0,1,8,64,96,2
104949,18,3,0,1,8,64,96,2
104950,18,3,0,1,8,64,96,2
104951,18,3,0,1,8,64,96,2
104952,18,3,0,1,8,64,96,2
104953,18,3,0,1,8,64,96,2
104954,18,3,0,1,8,64,96,2
104955,18,3,0,2,8,64,96,2
104956,18,3,0,2,8,64,96,2
104957,18,3,0,2,8,64,96,2
104958,18,3,0,2,8,64,96,2
104959,18,3,0,2,8,64,96,2
104960,18,3,0,2,8,64,96,2
104961,18,3,0,2,8,64,96,2
104962,18,3,0,2,8,64,96,2
104963,18,3,0,2,8,64,96,2
104964,18,3,0,2,8,64,96,2
104965,18,3,0,2,8,64,96,2
104966,18,3,0,2,8,64,96,2
104967,18,3,0,2,8,64,96,2
104968,18,3,0,2,8,64,96,2
104969,18,3,0,2,8,64,96,2
104970,18,3,0,2,8,64,96,2
104971,18,3,0,2,8,64,96,2
104972,18,3,0,2,8,64,96,2
104973,18,3,0,2,8,64,96,2
104974,18,3,0,2,8,64,96,2
104975,18,3,0,2,8,64,96,2
104976,18,3,0,2,8,64,96,2
104977,18,3,0,2,8,64,96,2
104978,18,3,0,2,8,64,96,2
104979,18,3,0,2,8,64,96,2
104980,18,3,0,2,8,64,96,2
104981,18,3,0,2,8,64,96,2
104982,18,3,0,2,8,64,96,2
104983,18,3,0,2,8,64,96,2
104984,18,3,0,2,8,64,96,2
104985,18,3,0,2,8,64,96,2
104986,18,3,0,2,8,64,96,2
104987,18,3,0,2,8,64,96,2
104988,18,3,0,2,8,64,96,2
104989,18,3,0,2,8,64,96,2
104990,18,3,0,2,8,64,96,2
104991,18,3,0,2,8,64,96,2
104992,18,3,0,2,8,64,96,2
104993,18,3,0,2,8,64,96,2
104994,18,3,0,2,8,64,96,2
104995,18,3,0,2,8,64,96,2
104996,18,3,0,2,8,64,96,2
104997,18,3,0,2,8,64,96,2
104998,18,3,0,2,8,64,96,2
104999,18,3,0,2,8,64,96,2
105000,18,3,0,2,8,64,96,2
105001,18,3,0,2,8,64,96,2
105002,18,3,0,2,8,64,96,2
105003,18,3,0,2,8,64,96,2
105004,18,3,0,2,8,64,96,2
105005,18,3,0,2,8,64,96,2
105006,18,3,0,2,8,64,96,2
105007,18,3,0,2,8,64,96,2
105008,18,3,0,2,8,64,96,2
105009,18,3,0,2,8,64,96,2
105010,18,3,0,2,8,64,96,2
105011,18,3,0,2,8,64,96,2
105012,18,3,0,2,8,64,96,2
105013,18,3,0,2,8,64,96,2
105014,18,3,0,2,8,64,96,2
105015,18,3,0,2,8,64,96,2
105016,18,3,0,2,8,64,96,2
105017,18,3,0,2,8,64,96,2
105018,18,3,0,2,8,64,96,2
105019,18,3,0,2,8,64,96,2
105020,18,3,0,2,8,64,96,2
105021,18,3,0,2,8,64,96,2
105022,18,3,0,2,8,64,96,2
105023,18,3,0,2,8,64,96,2
105024,18,3,0,2,8,64,96,2
105025,18,3,0,2,8,64,96,2
105026,18,3,0,2,8,64,96,2
105027,18,3,0,2,8,64,96,2
105028,18,3,0,2,8,64,96,2
105029,18,3,0,2,8,64,96,2
105030,18,3,0,2,8,64,96,2
105031,18,3,0,2,8,64,96,2
105032,18,3,0,2,8,64,96,2
105033,18,3,0,2,8,64,96,2
105034,18,3,0,2,8,64,96,2
105035,18,3,0,2,8,64,96,2
105036,18,3,0,2,8,64,96,2
105037,18,3,0,2,8,64,96,2
105038,18,3,0,2,8,64,96,2
105039,18,3,0,2,8,64,96,2
105040,18,3,0,2,8,64,96,2
105041,18,3,0,2,8,64,96,2
105042,18,3,0,6,8,3,92,66
105043,18,3,0,6,8,2,92,66
105044,18,3,0,6,8,1,92,66
105045,18,3,0,2,8,64,92,66
105046,18,3,0,2,8,64,92,66
105047,18,3,0,2,8,64,92,66
105048,18,3,0,2,8,64,92,66
105049,18,3,0,2,8,64,92,66
105050,18,3,0,2,8,64,92,66
105051,18,3,0,2,8,64,92,66
105052,18,3,0,2,8,64,92,66
105053,18,3,0,2,8,64,92,66
105054,18,3,0,2,8,64,92,66
105055,18,3,0,6,8,3,88,66
105056,18,3,0,6,8,2,88,66
105057,18,3,0,6,8,1,88,66
105058,18,3,0,2,8,64,88,66
105059,18,3,0,6,8,3,87,66
105060,18,3,0,6,8,3,87,66
105061,18,3,0,6,8,2,87,66
105062,18,3,0,6,8,1,87,66
105063,18,3,0,6,8,1,87,66
105064,18,3,0,2,8,64,87,66
105065,18,3,0,2,8,64,87,66
105066,18,3,0,2,8,64,87,66
105067,18,3,0,6,8,3,83,66
105068,18,3,0,6,8,2,83,66
105069,18,3,0,6,8,1,83,66
105070,18,3,0,2,8,64,83,66
105071,18,3,0,6,8,3,82,66
105072,18,3,0,6,8,2,82,66
105073,18,3,0,6,8,1,82,66
105074,18,3,0,2,8,64,82,66
105075,18,3,0,2,8,64,82,66
105076,18,3,0,6,8,3,78,66
105077,18,3,0,6,8,2,78,66
105078,18,3,0,6,8,1,78,66
105079,18,3,0,2,8,64,78,66
105080,18,3,0,6,8,3,77,66
105081,18,3,0,6,8,2,77,66
105082,18,3,0,6,8,1,77,66
105083,18,3,0,2,8,64,77,66
105084,18,3,0,6,8,3,73,66
105085,18,3,0,6,8,2,73,66
105086,18,3,0,6,8,1,73,66
105087,18,3,0,2,8,64,73,66
105088,18,3,0,6,8,3,72,66
105089,18,3,0,6,8,2,72,66
105090,18,3,0,6,8,1,72,66
105091,18,3,0,2,8,64,72,66
105092,18,3,0,2,8,64,72,66
105093,18,3,0,6,8,3,68,66
105094,18,3,0,6,8,2,68,66
105095,18,3,0,6,8,1,68,66
105096,18,3,0,2,8,64,68,66
105097,18,3,0,6,8,3,67,66
105098,18,3,0,6,8,2,67,66
105099,18,3,0,6,8,1,67,66
105100,18,3,0,2,8,64,67,66
105101,18,3,0,6,8,3,63,66
105102,18,3,0,6,8,2,63,66
105103,18,3,0,6,8,1,63,66
105104,18,3,0,2,8,64,63,66
105105,18,3,0,6,8,3,62,66
105106,18,3,0,6,8,2,62,66
105107,18,3,0,6,8,1,62,66
105108,18,3,0,2,8,64,62,66
105109,18,3,0,6,8,3,58,66
105110,18,3,0,6,8,2,58,66
105111,18,3,0,6,8,1,58,66
105112,18,3,0,2,8,64,58,66
105113,18,3,0,2,8,64,58,66
105114,18,3,0,6,8,3,57,66
105115,18,3,0,6,8,2,57,66
105116,18,3,0,6,8,1,57,66
105117,18,3,0,2,8,64,57,66
105118,18,3,0,2,8,64,57,66
105119,18,3,0,6,8,3,53,66
105120,18,3,0,6,8,2,53,66
105121,18,3,0,6,8,1,53,66
105122,18,3,0,2,8,64,53,66
105123,18,3,0,6,8,3,52,66
105124,18,3,0,6,8,2,52,66
105125,18,3,0,6,8,1,52,66
105126,18,3,0,2,8,64,52,66
105127,18,3,0,2,8,64,52,66
105128,18,3,0,6,8,3,48,66
105129,18,3,0,6,8,2,48,66
105130,18,3,0,6,8,1,48,66
105131,18,3,0,2,8,64,48,66
105132,18,3,0,6,8,3,47,66
105133,18,3,0,6,8,2,47,66
105134,18,3,0,6,8,1,47,66
105135,18,3,0,2,8,64,47,66
105136,18,3,0,6,8,3,43,66
105137,18,3,0,6,8,2,43,66
105138,18,3,0,6,8,1,43,66
105139,18,3,0,2,8,64,43,66
105140,18,3,0,6,8,3,42,66
105141,18,3,0,6,8,2,42,66
105142,18,3,0,6,8,1,42,66
105143,18,3,0,2,8,64,42,66
105144,18,3,0,6,8,3,38,66
105145,18,3,0,6,8,2,38,66
105146,18,3,0,6,8,1,38,66
105147,18,3,0,2,8,64,38,66
105148,18,3,0,6,8,3,37,66
105149,18,3,0,6,8,2,37,66
105150,18,3,0,6,8,1,37,66
105151,18,3,0,2,8,64,37,66
105152,18,3,0,6,8,3,33,66
105153,18,3,0,6,8,2,33,66
105154,18,3,0,6,8,1,33,66
105155,18,3,0,2,8,64,33,66
105156,18,3,0,6,8,3,32,66
105157,18,3,0,6,8,2,32,66
105158,18,3,0,6,8,1,32,66
105159,18,3,0,2,8,64,32,66
105160,18,3,0,6,8,3,28,66
105161,18,3,0,6,8,2,28,66
105162,18,3,0,6,8,1,28,66
105163,18,3,0,2,8,64,28,66
105164,18,3,0,6,8,3,27,66
105165,18,3,0,6,8,2,27,66
105166,18,3,0,6,8,1,27,66
105167,18,3,0,2,8,64,27,66
105168,18,3,0,6,8,3,23,66
105169,18,3,0,6,8,2,23,66
105170,18,3,0,6,8,1,23,66
105171,18,3,0,2,8,64,23,66
105172,18,3,0,2,8,64,23,66
105173,18,3,0,6,8,3,22,66
105174,18,3,0,6,8,2,22,66
105175,18,3,0,6,8,1,22,66
105176,18,3,0,2,8,64,22,66
105177,18,3,0,6,8,3,18,66
105178,18,3,0,6,8,2,18,66
105179,18,3,0,6,8,1,18,66
105180,18,3,0,2,8,64,18,66
105181,18,3,0,6,8,3,17,66
105182,18,3,0,6,8,2,17,66
105183,18,3,0,6,8,1,17,66
105184,18,3,0,2,8,64,17,66
105185,18,3,0,6,8,3,13,66
105186,18,3,0,6,8,2,13,66
105187,18,3,0,6,8,1,13,66
105188,18,3,0,2,8,64,13,66
105189,18,3,0,6,8,3,12,66
105190,18,3,0,6,8,2,12,66
105191,18,3,0,6,8,1,12,66
105192,18,3,0,2,8,64,12,66
105193,18,3,0,6,8,3,8,66
105194,18,3,0,6,8,2,8,66
105195,18,3,0,6,8,1,8,66
105196,18,3,0,2,8,64,8,66
105197,18,3,0,2,8,64,8,66
105198,18,3,0,2,8,64,8,66
105199,18,3,0,2,8,64,8,66
105200,18,3,0,2,8,64,8,66
105201,18,3,0,2,8,64,8,66
105202,18,3,0,2,8,64,8,66
105203,18,3,0,6,8,3,4,66
105204,18,3,0,6,8,2,4,66
105205,18,3,0,6,8,1,4,66
105206,18,3,0,2,8,64,4,66
105207,18,3,0,2,8,64,4,66
105208,18,3,0,2,8,64,4,66
105209,18,3,0,2,8,64,4,66
105210,18,3,0,2,8,64,4,66
105211,18,3,0,2,8,64,4,66
105212,18,3,0,3,8,3,0,66
105213,18,3,0,3,8,3,0,66
105214,18,3,0,3,8,3,0,66
105215,18,3,0,3,8,3,0,66
105216,18,3,0,3,8,3,0,66
105217,18,3,0,3,8,3,0,66
105218,18,3,0,3,8,3,0,66
105219,18,3,0,3,8,3,0,66
105220,18,3,0,3,8,3,0,66
105221,18,3,0,3,8,3,0,66
105222,18,3,0,3,8,3,0,66
105223,18,3,0,3,8,3,0,66
105224,18,3,0,3,8,3,0,66
105225,18,3,0,3,8,3,0,66
105226,18,3,0,3,8,3,0,66
105227,18,3,0,3,8,3,0,66
105228,18,3,0,3,8,3,0,66
105229,18,3,0,3,8,3,0,66
105230,18,3,0,3,8,3,0,66
105231,18,3,0,3,8,3,0,66
105232,18,3,0,3,8,3,0,66
105233,18,3,0,3,8,3,0,66
105234,18,3,0,3,8,3,0,66
105235,18,3,0,3,8,3,0,66
105236,18,9,0,0,8,3,0,66
